Contact: First Name,Contact: Middle Name,Contact: Last Name,Contact: Date of Birth,Contact: Assigned,Contact: Phone Number,Contact: ID
Frank,Marie,Smith,04/04/2009,Individual Contributor,504523377,1
Evelyn,Thomas,Taylor,12/09/2010,Aaron Artsen,195730020,2
Frank,J.,Davis,12/31/2009,Gabe Michel,930095284,3
Evelyn,Thomas,Martin,04/25/2012,Tim Mint,999124133,4
Alan,E.,Martin,01/01/2023,Gabe Michel,244017546,5
Bethany,E.,Smith,01/28/2022,Individual Contributor,458778761,6
Derek,T.,Martin,01/04/2016,Tim Mint,855428027,7
Chris,E.,Davis,03/30/2015,Gabe Michel,642555733,8
Chris,Marie,Smith,01/24/2007,Individual Contributor,933602656,9
Bethany,J.,Donald,10/29/2019,Aaron Artsen,832419189,10
Frank,James,Donald,01/22/2010,Gabe Michel,109732727,11
Evelyn,T.,Martin,12/02/2006,Bond Liver,679669927,12
Hannah,M.,Taylor,03/06/2022,Individual Contributor,187906057,13
Evelyn,James,Taylor,03/03/2011,Individual Contributor,915495850,14
George,T.,Brown,11/26/2018,Individual Contributor,108600554,15
Irene,T.,Smith,02/06/2011,Tim Mint,142726971,16
Frank,Marie,Johnson,04/20/2020,Gabe Michel,203684278,17
Frank,Marie,Davis,11/27/2011,Aaron Artsen,863425427,18
Jake,Thomas,Johnson,02/10/2012,Individual Contributor,332926718,19
Evelyn,M.,Smith,04/15/2006,Bond Liver,736490541,20
Jake,J.,Davis,09/08/2009,Tim Mint,215634223,21
Bethany,Marie,Davis,08/06/2016,Gabe Michel,780877918,22
Frank,Elizabeth,Donald,04/20/2008,Individual Contributor,652513216,23
Hannah,T.,White,08/13/2008,Bond Liver,330046553,24
Hannah,James,Smith,11/18/2024,Aaron Artsen,161167041,25
Chris,M.,White,05/06/2024,Individual Contributor,231714232,26
Irene,E.,Taylor,06/27/2021,Tim Mint,881131226,27
Irene,Thomas,Johnson,10/29/2021,Gabe Michel,832440364,28
Hannah,Elizabeth,Martin,08/09/2005,Gabe Michel,745614862,29
Bethany,J.,Martin,02/03/2005,Gabe Michel,649559919,30
Irene,T.,White,03/28/2020,Bond Liver,525461264,31
Bethany,M.,Johnson,08/31/2008,Gabe Michel,943110152,32
Jake,James,Johnson,12/18/2020,Gabe Michel,517028772,33
Frank,Thomas,Taylor,10/02/2020,Bond Liver,804885500,34
Alan,M.,Smith,11/21/2007,Gabe Michel,311668565,35
Bethany,E.,Smith,05/04/2006,Aaron Artsen,648165615,36
Frank,Elizabeth,Donald,11/08/2011,Tim Mint,887914968,37
Frank,T.,Johnson,06/22/2018,Aaron Artsen,431860747,38
Jake,Thomas,Davis,07/01/2005,Gabe Michel,677698685,39
Irene,James,Davis,01/24/2018,Gabe Michel,390481143,40
Hannah,E.,Brown,04/02/2015,Individual Contributor,647351202,41
Bethany,James,White,07/14/2017,Gabe Michel,300841161,42
Derek,Thomas,Davis,05/22/2013,Individual Contributor,529024451,43
George,E.,Donald,11/13/2022,Gabe Michel,311032618,44
Hannah,T.,Donald,12/05/2010,Aaron Artsen,672618708,45
Alan,Marie,Smith,09/26/2018,Aaron Artsen,744971738,46
Frank,T.,Brown,07/13/2005,Aaron Artsen,258224538,47
Irene,Marie,Davis,02/12/2015,Individual Contributor,587671988,48
Alan,T.,Martin,12/04/2006,Tim Mint,811429632,49
Chris,E.,Donald,12/28/2016,Tim Mint,199757595,50
Chris,Elizabeth,Donald,04/10/2006,Aaron Artsen,768500664,51
Alan,E.,Donald,07/16/2021,Bond Liver,986094208,52
Irene,M.,Martin,07/01/2019,Individual Contributor,843038144,53
Frank,Marie,Martin,12/17/2009,Gabe Michel,695298700,54
George,James,Donald,12/05/2023,Gabe Michel,173829027,55
Frank,James,Donald,04/02/2020,Gabe Michel,457487448,56
Alan,Elizabeth,White,05/08/2015,Aaron Artsen,590584762,57
Bethany,M.,Donald,08/29/2015,Individual Contributor,308705993,58
Bethany,Elizabeth,Donald,06/26/2010,Individual Contributor,444347041,59
Irene,James,Martin,09/19/2005,Individual Contributor,499618231,60
Jake,James,Donald,09/10/2010,Aaron Artsen,812512148,61
Alan,J.,Smith,10/09/2019,Gabe Michel,265836162,62
George,James,Martin,01/30/2009,Individual Contributor,178935052,63
Derek,E.,Brown,02/09/2019,Aaron Artsen,945516645,64
George,Thomas,Brown,12/22/2011,Bond Liver,909775701,65
Bethany,Elizabeth,Smith,08/13/2008,Gabe Michel,986665329,66
George,E.,Johnson,09/14/2007,Aaron Artsen,219980733,67
George,Marie,White,03/01/2010,Gabe Michel,716745355,68
Alan,J.,Taylor,06/05/2005,Gabe Michel,883510443,69
Alan,E.,Taylor,07/23/2021,Bond Liver,414077322,70
Alan,M.,White,06/06/2022,Gabe Michel,463398130,71
Irene,J.,Taylor,08/24/2021,Tim Mint,656649386,72
Alan,M.,Smith,08/16/2014,Individual Contributor,996713105,73
Derek,T.,Smith,10/16/2019,Gabe Michel,515891170,74
Jake,J.,Taylor,09/24/2023,Aaron Artsen,733892180,75
Alan,T.,White,11/29/2013,Gabe Michel,133103334,76
Derek,E.,Smith,03/08/2012,Bond Liver,117642200,77
George,James,Taylor,12/05/2009,Gabe Michel,480477871,78
Derek,James,Davis,07/29/2022,Tim Mint,462979533,79
Irene,M.,Davis,09/09/2020,Gabe Michel,918260113,80
Evelyn,J.,Smith,12/23/2010,Individual Contributor,766092488,81
Alan,M.,Johnson,05/01/2021,Bond Liver,363273530,82
Evelyn,T.,Donald,08/04/2010,Tim Mint,701716425,83
Hannah,T.,Donald,10/29/2013,Gabe Michel,148558167,84
Hannah,M.,White,05/22/2014,Aaron Artsen,772514409,85
Frank,E.,Taylor,04/23/2005,Gabe Michel,780339339,86
Irene,T.,White,05/04/2020,Bond Liver,738149607,87
Irene,Thomas,Martin,02/21/2009,Gabe Michel,883441080,88
Bethany,J.,White,07/25/2012,Tim Mint,269263074,89
Frank,Thomas,Taylor,02/25/2014,Gabe Michel,716809364,90
Alan,M.,Smith,08/28/2016,Tim Mint,903926255,91
Evelyn,Marie,Taylor,08/09/2014,Aaron Artsen,552592516,92
Derek,T.,Davis,10/10/2024,Gabe Michel,925652519,93
Jake,Marie,Martin,08/30/2009,Gabe Michel,445595610,94
Alan,Marie,White,07/24/2023,Bond Liver,764606099,95
Jake,Thomas,Johnson,06/27/2015,Tim Mint,529200199,96
Irene,Marie,Davis,11/26/2007,Gabe Michel,853325541,97
Irene,Marie,Martin,03/30/2017,Aaron Artsen,283850873,98
Bethany,Elizabeth,Taylor,01/04/2010,Tim Mint,554972947,99
Chris,E.,Davis,04/12/2015,Individual Contributor,322887027,100
Bethany,M.,Johnson,12/21/2014,Gabe Michel,966585896,101
Hannah,Marie,Johnson,08/30/2008,Gabe Michel,868263672,102
George,Thomas,White,02/21/2022,Individual Contributor,409154044,103
Jake,Elizabeth,Davis,12/23/2008,Tim Mint,282530521,104
Bethany,E.,Martin,04/11/2007,Individual Contributor,340352047,105
Frank,Thomas,Johnson,09/25/2010,Aaron Artsen,694875939,106
Derek,T.,Donald,06/04/2024,Bond Liver,644453667,107
George,Thomas,Davis,04/28/2016,Aaron Artsen,355940138,108
Alan,T.,White,05/06/2020,Gabe Michel,177157963,109
Bethany,Elizabeth,Donald,10/03/2011,Individual Contributor,446200494,110
Bethany,Elizabeth,Martin,07/02/2020,Individual Contributor,321054519,111
Irene,Elizabeth,Davis,08/10/2014,Tim Mint,486493696,112
Hannah,Marie,Brown,10/14/2019,Individual Contributor,793755467,113
Irene,Marie,White,10/15/2006,Gabe Michel,619489426,114
Evelyn,Elizabeth,Johnson,07/30/2019,Tim Mint,407399844,115
Evelyn,T.,Martin,11/18/2013,Individual Contributor,685844010,116
Evelyn,Marie,Donald,04/18/2007,Individual Contributor,410407066,117
Bethany,James,Donald,05/18/2005,Gabe Michel,907765416,118
Irene,T.,Smith,08/20/2013,Aaron Artsen,957458144,119
George,Elizabeth,Davis,02/27/2010,Individual Contributor,286974114,120
Jake,Marie,Davis,01/13/2018,Aaron Artsen,236080483,121
Evelyn,E.,Donald,09/29/2016,Bond Liver,862894256,122
Bethany,M.,Johnson,05/13/2024,Aaron Artsen,699175445,123
Irene,E.,Davis,10/05/2017,Individual Contributor,437901930,124
Jake,M.,Taylor,01/06/2009,Gabe Michel,819181250,125
Derek,Elizabeth,Donald,06/29/2008,Tim Mint,346058207,126
Chris,Elizabeth,Donald,03/06/2015,Aaron Artsen,520194797,127
Bethany,M.,Johnson,05/30/2009,Gabe Michel,200365373,128
Irene,E.,Davis,02/04/2019,Individual Contributor,703129331,129
Derek,E.,Martin,05/01/2014,Individual Contributor,413215296,130
Frank,Elizabeth,Martin,03/14/2006,Individual Contributor,114236470,131
Alan,James,Johnson,10/17/2024,Gabe Michel,406670100,132
Bethany,T.,Taylor,01/12/2021,Gabe Michel,966577852,133
Irene,Thomas,Brown,08/05/2009,Gabe Michel,775445503,134
George,Marie,Davis,12/16/2018,Bond Liver,369547543,135
Bethany,T.,Donald,01/09/2010,Aaron Artsen,938686845,136
Chris,E.,Donald,08/09/2018,Tim Mint,238584595,137
Chris,J.,Brown,07/30/2009,Aaron Artsen,587976665,138
Evelyn,E.,Taylor,10/08/2021,Gabe Michel,216623652,139
Evelyn,James,Martin,01/07/2006,Individual Contributor,766919980,140
Evelyn,J.,Davis,10/09/2009,Bond Liver,175207656,141
Evelyn,E.,Davis,01/25/2020,Individual Contributor,802812957,142
Jake,T.,Taylor,11/23/2009,Gabe Michel,723852017,143
Irene,Elizabeth,Davis,03/20/2021,Gabe Michel,919815786,144
Hannah,M.,Johnson,08/02/2009,Gabe Michel,595942889,145
George,Marie,White,11/19/2006,Tim Mint,625149193,146
Derek,E.,Martin,12/13/2006,Aaron Artsen,842893227,147
Evelyn,E.,White,10/09/2021,Gabe Michel,972100037,148
Alan,M.,Brown,04/04/2005,Gabe Michel,678274571,149
Bethany,J.,Johnson,05/02/2023,Aaron Artsen,666820814,150
Alan,E.,Smith,07/15/2012,Tim Mint,792670869,151
Hannah,J.,Martin,11/25/2019,Tim Mint,322021142,152
George,J.,Taylor,09/19/2015,Individual Contributor,219905883,153
Bethany,Marie,Johnson,10/09/2007,Gabe Michel,819158297,154
Evelyn,Thomas,Davis,06/02/2011,Bond Liver,511380106,155
Irene,J.,White,04/10/2010,Individual Contributor,819843023,156
Derek,T.,Martin,12/01/2020,Aaron Artsen,680631769,157
Jake,M.,Johnson,12/15/2023,Aaron Artsen,408969926,158
Alan,T.,Taylor,12/14/2017,Tim Mint,430771602,159
Irene,M.,Taylor,06/28/2014,Aaron Artsen,839914954,160
Hannah,James,Johnson,12/13/2016,Gabe Michel,207440724,161
George,J.,Donald,03/31/2014,Individual Contributor,136939506,162
Chris,Thomas,Johnson,07/10/2012,Individual Contributor,830196047,163
Irene,J.,White,08/27/2022,Aaron Artsen,707184143,164
Alan,J.,Taylor,09/14/2015,Bond Liver,609397792,165
Hannah,Elizabeth,Smith,01/25/2020,Aaron Artsen,540049338,166
Irene,J.,White,02/19/2019,Aaron Artsen,181172934,167
George,Marie,White,05/04/2013,Gabe Michel,842348401,168
George,Marie,White,07/01/2023,Aaron Artsen,286587244,169
Bethany,M.,Martin,02/10/2013,Gabe Michel,143118022,170
Derek,J.,Davis,04/29/2013,Gabe Michel,571781862,171
Frank,Elizabeth,Davis,10/30/2016,Gabe Michel,477748333,172
Jake,M.,Smith,03/15/2022,Gabe Michel,678299720,173
George,Elizabeth,Martin,05/24/2022,Individual Contributor,725977077,174
Chris,Thomas,Taylor,05/25/2013,Tim Mint,171931375,175
Chris,T.,Martin,10/02/2020,Gabe Michel,890349273,176
Jake,Marie,Donald,05/31/2012,Gabe Michel,264543808,177
Chris,E.,Brown,09/30/2015,Gabe Michel,724768373,178
Hannah,James,White,11/29/2022,Individual Contributor,608954984,179
Bethany,J.,Johnson,12/28/2013,Gabe Michel,941799092,180
George,T.,White,10/18/2009,Tim Mint,414604593,181
Irene,E.,White,04/08/2014,Individual Contributor,647929199,182
Hannah,T.,Davis,04/19/2010,Bond Liver,924205350,183
Frank,M.,Taylor,07/24/2018,Individual Contributor,362556308,184
Alan,Marie,Smith,12/31/2020,Tim Mint,253040280,185
George,E.,White,11/16/2023,Bond Liver,254008876,186
Chris,T.,Smith,02/24/2008,Aaron Artsen,206777816,187
George,Elizabeth,White,09/27/2012,Gabe Michel,150450826,188
Alan,Marie,Taylor,04/16/2008,Gabe Michel,223563532,189
Frank,Elizabeth,Brown,06/06/2009,Gabe Michel,425399449,190
Evelyn,M.,White,04/11/2014,Tim Mint,463545524,191
Derek,Elizabeth,Martin,03/09/2005,Aaron Artsen,687275989,192
Derek,T.,Martin,09/17/2009,Gabe Michel,554891727,193
Hannah,Thomas,Taylor,02/21/2006,Gabe Michel,976756883,194
Evelyn,Elizabeth,Smith,12/24/2023,Aaron Artsen,978983476,195
George,T.,Smith,06/17/2021,Bond Liver,902570236,196
Alan,M.,Taylor,09/30/2011,Tim Mint,602891431,197
Alan,James,Johnson,06/16/2024,Tim Mint,304320357,198
Frank,Thomas,Donald,10/13/2020,Aaron Artsen,857591611,199
Alan,J.,Brown,09/21/2018,Tim Mint,179357267,200
Alan,James,Smith,07/12/2020,Bond Liver,219816309,201
Bethany,Marie,Smith,10/25/2013,Aaron Artsen,726181333,202
Frank,M.,Donald,07/29/2011,Gabe Michel,129561213,203
Hannah,J.,Martin,05/16/2023,Tim Mint,312845224,204
Derek,Marie,Johnson,03/27/2006,Gabe Michel,976420237,205
Derek,T.,Johnson,06/01/2020,Bond Liver,312157683,206
Chris,T.,Smith,04/29/2013,Gabe Michel,466145252,207
Hannah,E.,Brown,01/14/2008,Tim Mint,627654252,208
Alan,Elizabeth,Smith,03/10/2020,Aaron Artsen,684699082,209
Irene,James,Davis,07/14/2018,Gabe Michel,306943350,210
George,James,Taylor,04/02/2017,Gabe Michel,569690793,211
Derek,Elizabeth,Brown,09/22/2007,Individual Contributor,724787462,212
Bethany,Elizabeth,Brown,04/10/2011,Gabe Michel,657603031,213
Derek,Elizabeth,Martin,11/22/2024,Individual Contributor,117297827,214
Evelyn,E.,Johnson,03/14/2006,Tim Mint,948604668,215
Chris,Marie,Davis,12/12/2024,Gabe Michel,776852151,216
Bethany,Thomas,Smith,11/26/2022,Gabe Michel,876422187,217
Jake,Thomas,Brown,05/20/2017,Gabe Michel,889639717,218
Bethany,E.,Smith,03/23/2014,Bond Liver,699620488,219
Irene,Elizabeth,Taylor,02/06/2005,Gabe Michel,291800949,220
Jake,J.,Smith,10/13/2009,Bond Liver,272323948,221
Hannah,Elizabeth,Davis,02/08/2015,Individual Contributor,472170263,222
Frank,E.,Davis,01/01/2007,Aaron Artsen,757604890,223
Irene,Elizabeth,Johnson,06/12/2024,Gabe Michel,966460184,224
Irene,M.,Johnson,04/11/2010,Tim Mint,400371875,225
Chris,T.,Martin,09/08/2010,Individual Contributor,992238688,226
Bethany,J.,Taylor,11/09/2023,Tim Mint,777995967,227
Hannah,James,Smith,07/02/2024,Individual Contributor,129012178,228
Evelyn,T.,Davis,12/05/2020,Bond Liver,353183456,229
Frank,Marie,Smith,03/08/2019,Aaron Artsen,618470368,230
Jake,J.,Johnson,01/21/2010,Gabe Michel,730844243,231
Chris,M.,Brown,10/18/2007,Bond Liver,673634785,232
Frank,Elizabeth,Donald,07/13/2011,Individual Contributor,535137869,233
Hannah,E.,Davis,03/26/2015,Individual Contributor,759667804,234
Chris,James,Donald,07/22/2023,Aaron Artsen,647353526,235
Irene,Marie,Johnson,04/14/2007,Aaron Artsen,464233041,236
Irene,Thomas,Donald,12/04/2019,Aaron Artsen,892908720,237
Hannah,Marie,Johnson,07/03/2011,Bond Liver,530615502,238
George,T.,White,06/09/2023,Individual Contributor,112006591,239
Evelyn,T.,Johnson,09/16/2007,Individual Contributor,528098172,240
Derek,James,Brown,02/26/2015,Bond Liver,169133085,241
Frank,T.,Johnson,07/01/2023,Bond Liver,783622051,242
Hannah,J.,Donald,05/30/2017,Individual Contributor,673485315,243
Frank,Thomas,Davis,07/01/2023,Gabe Michel,715681194,244
Chris,Elizabeth,Martin,12/13/2006,Tim Mint,482709334,245
Alan,E.,Martin,10/16/2015,Gabe Michel,551950711,246
Alan,M.,Brown,11/18/2019,Gabe Michel,303218249,247
Bethany,E.,Davis,01/11/2013,Gabe Michel,987736626,248
George,Elizabeth,Davis,02/25/2015,Tim Mint,248759074,249
Hannah,J.,White,04/24/2022,Individual Contributor,642405648,250
Jake,Thomas,Davis,12/02/2023,Gabe Michel,572312905,251
Frank,Elizabeth,Brown,04/03/2007,Gabe Michel,992978821,252
Irene,Thomas,Donald,10/13/2011,Aaron Artsen,631601284,253
Irene,Thomas,Martin,07/04/2016,Aaron Artsen,734362170,254
Bethany,E.,Davis,06/13/2020,Individual Contributor,583510407,255
Bethany,J.,Smith,05/08/2019,Bond Liver,351526259,256
Irene,Elizabeth,Taylor,03/31/2009,Tim Mint,419156794,257
George,Elizabeth,White,10/28/2020,Gabe Michel,259123028,258
Alan,M.,Martin,10/17/2008,Tim Mint,795841168,259
Evelyn,M.,Martin,12/02/2019,Gabe Michel,412993296,260
Chris,J.,Brown,08/01/2011,Bond Liver,344008444,261
Bethany,M.,Taylor,08/07/2020,Gabe Michel,343585491,262
Jake,Thomas,Martin,10/26/2015,Bond Liver,689425897,263
Hannah,T.,Smith,04/24/2013,Bond Liver,177103194,264
Irene,Elizabeth,Davis,02/16/2021,Aaron Artsen,547557499,265
Alan,Elizabeth,Taylor,10/21/2012,Aaron Artsen,616834741,266
George,M.,Johnson,03/20/2024,Aaron Artsen,106823781,267
Hannah,E.,Martin,03/15/2014,Bond Liver,803651213,268
Alan,Thomas,Smith,12/17/2016,Gabe Michel,125247847,269
Evelyn,Thomas,Brown,12/21/2019,Gabe Michel,811448110,270
Jake,J.,Smith,05/27/2012,Gabe Michel,496257458,271
Evelyn,Marie,Johnson,11/02/2007,Tim Mint,714727223,272
Bethany,Thomas,Donald,02/10/2006,Bond Liver,529866143,273
Chris,Thomas,Smith,03/09/2011,Tim Mint,687441849,274
Hannah,T.,Davis,04/25/2023,Gabe Michel,537281745,275
Jake,James,Taylor,02/06/2008,Individual Contributor,381375122,276
Hannah,T.,Martin,02/09/2005,Bond Liver,526556889,277
George,Thomas,Martin,12/03/2009,Tim Mint,613941402,278
Chris,M.,Davis,06/04/2023,Bond Liver,967658186,279
Chris,Marie,Martin,07/22/2011,Aaron Artsen,990447166,280
Irene,James,Taylor,12/09/2018,Individual Contributor,779620898,281
Irene,J.,Johnson,03/08/2008,Bond Liver,764785791,282
Evelyn,Elizabeth,Smith,11/19/2016,Tim Mint,795995881,283
Chris,E.,Johnson,06/16/2020,Gabe Michel,635012542,284
Chris,T.,White,07/29/2017,Gabe Michel,467255961,285
Frank,James,Davis,08/08/2008,Bond Liver,538227731,286
Evelyn,Elizabeth,White,10/24/2009,Aaron Artsen,783138828,287
George,J.,Johnson,11/08/2014,Individual Contributor,256698879,288
Derek,Elizabeth,Donald,04/18/2007,Aaron Artsen,460707546,289
Bethany,E.,Johnson,08/19/2015,Gabe Michel,594126810,290
Bethany,T.,Brown,10/05/2018,Gabe Michel,644091717,291
George,Marie,Davis,11/17/2014,Individual Contributor,904518488,292
Bethany,Thomas,Donald,11/25/2009,Tim Mint,455846706,293
Derek,M.,Davis,01/12/2019,Tim Mint,984401201,294
Hannah,T.,Johnson,01/18/2022,Individual Contributor,465682672,295
Evelyn,Thomas,Donald,05/01/2009,Bond Liver,495130729,296
Bethany,T.,Taylor,08/25/2016,Tim Mint,709980908,297
Chris,E.,Taylor,01/09/2009,Aaron Artsen,185763296,298
Hannah,E.,Smith,08/26/2005,Aaron Artsen,934295405,299
Bethany,Marie,Martin,09/21/2008,Gabe Michel,603911563,300
Alan,E.,White,05/05/2019,Bond Liver,100843142,301
Jake,Elizabeth,White,10/29/2022,Gabe Michel,828408374,302
Evelyn,Marie,Taylor,06/13/2014,Gabe Michel,412915588,303
George,E.,Donald,08/31/2017,Aaron Artsen,449101478,304
Irene,James,Brown,09/22/2023,Tim Mint,197103042,305
Bethany,T.,Taylor,03/05/2022,Aaron Artsen,157975327,306
Irene,Elizabeth,Taylor,07/18/2023,Bond Liver,236825336,307
Hannah,E.,Smith,08/14/2013,Gabe Michel,209338151,308
Jake,James,Davis,05/06/2013,Individual Contributor,173004725,309
George,Elizabeth,White,12/23/2013,Bond Liver,680824109,310
Irene,James,Davis,03/24/2017,Bond Liver,795580562,311
Derek,M.,Davis,09/07/2024,Aaron Artsen,370137734,312
Irene,Marie,Brown,01/10/2019,Gabe Michel,723441675,313
Chris,James,Brown,02/25/2012,Individual Contributor,609422398,314
Frank,M.,Martin,12/10/2017,Gabe Michel,265825139,315
Alan,T.,Martin,10/23/2006,Gabe Michel,436866370,316
Jake,M.,Martin,12/21/2007,Gabe Michel,944157040,317
Derek,E.,Smith,06/22/2012,Aaron Artsen,133306499,318
Hannah,Elizabeth,Smith,12/04/2018,Aaron Artsen,582623388,319
Jake,Elizabeth,White,01/19/2005,Tim Mint,474714305,320
George,M.,Smith,04/28/2006,Aaron Artsen,839570585,321
Alan,M.,Davis,12/08/2021,Tim Mint,474394367,322
Evelyn,Marie,Martin,12/06/2006,Bond Liver,285424398,323
Irene,Marie,Brown,01/22/2021,Individual Contributor,645456932,324
George,Thomas,Donald,03/20/2006,Gabe Michel,698692461,325
Derek,Marie,White,04/16/2010,Bond Liver,196046925,326
Bethany,James,White,04/19/2011,Aaron Artsen,794997864,327
Derek,T.,White,12/21/2013,Aaron Artsen,651627996,328
Irene,M.,Davis,03/26/2007,Tim Mint,497652240,329
Bethany,M.,Davis,06/09/2012,Gabe Michel,163040531,330
Evelyn,E.,Johnson,02/18/2010,Bond Liver,228846759,331
Alan,E.,Smith,12/04/2006,Gabe Michel,853277554,332
Derek,Elizabeth,Taylor,05/16/2005,Gabe Michel,455430692,333
Alan,T.,Donald,07/29/2015,Gabe Michel,742200656,334
Hannah,James,Davis,08/14/2011,Gabe Michel,492866487,335
George,J.,Smith,02/11/2016,Aaron Artsen,803421022,336
Alan,E.,Taylor,10/02/2008,Aaron Artsen,752214448,337
George,Marie,Martin,10/11/2014,Individual Contributor,579828190,338
George,Elizabeth,Taylor,10/10/2007,Aaron Artsen,203954222,339
Alan,E.,Donald,02/22/2017,Gabe Michel,705779382,340
Jake,Thomas,White,03/01/2009,Individual Contributor,505152067,341
Chris,E.,Martin,10/26/2015,Gabe Michel,466878795,342
Derek,Thomas,Brown,10/11/2021,Gabe Michel,301047649,343
Bethany,E.,Donald,05/15/2015,Tim Mint,697204665,344
Jake,James,White,02/09/2021,Bond Liver,655053748,345
Irene,T.,Taylor,03/18/2010,Individual Contributor,897158554,346
Frank,Thomas,Taylor,10/10/2017,Gabe Michel,805758646,347
Evelyn,Elizabeth,Smith,03/21/2009,Gabe Michel,595685373,348
Evelyn,E.,Donald,02/15/2008,Gabe Michel,165782986,349
George,Thomas,Donald,04/30/2016,Aaron Artsen,900967239,350
Frank,T.,Davis,04/08/2009,Bond Liver,486929509,351
Irene,James,Donald,12/25/2006,Bond Liver,148777570,352
Bethany,James,Smith,12/06/2007,Individual Contributor,404809716,353
Chris,T.,Taylor,11/13/2008,Bond Liver,440876047,354
Frank,Thomas,White,10/11/2007,Bond Liver,855711464,355
Evelyn,M.,Johnson,02/07/2013,Aaron Artsen,990879746,356
Chris,M.,Martin,01/14/2018,Individual Contributor,979317847,357
Bethany,Elizabeth,Davis,02/19/2015,Gabe Michel,770930753,358
Irene,Elizabeth,Davis,04/19/2009,Gabe Michel,715492962,359
Derek,J.,Johnson,04/06/2009,Tim Mint,673969188,360
Derek,E.,Smith,10/06/2013,Gabe Michel,276695532,361
Hannah,James,White,08/05/2024,Individual Contributor,503702060,362
Alan,James,Taylor,05/28/2017,Aaron Artsen,419607503,363
George,J.,Johnson,10/14/2023,Gabe Michel,607555870,364
Bethany,T.,Johnson,11/18/2013,Aaron Artsen,900555810,365
Derek,Thomas,White,01/22/2012,Gabe Michel,644891892,366
Hannah,T.,Johnson,07/07/2018,Gabe Michel,762868396,367
Evelyn,Elizabeth,Smith,10/27/2007,Individual Contributor,211211323,368
Evelyn,J.,Taylor,08/25/2008,Gabe Michel,506236687,369
Frank,J.,White,11/15/2016,Bond Liver,797955273,370
George,M.,White,10/07/2017,Bond Liver,437614381,371
Bethany,M.,Smith,10/22/2018,Gabe Michel,582207281,372
Chris,James,White,08/16/2016,Gabe Michel,351349566,373
Irene,Marie,White,02/05/2011,Tim Mint,160515747,374
Alan,E.,Smith,05/16/2015,Tim Mint,989607014,375
Hannah,T.,Martin,07/21/2011,Tim Mint,919069074,376
Evelyn,J.,Brown,07/31/2014,Bond Liver,681775185,377
Chris,T.,Martin,12/04/2013,Aaron Artsen,985965770,378
Derek,Elizabeth,Taylor,12/10/2020,Bond Liver,984338639,379
George,E.,Taylor,06/15/2019,Bond Liver,203636377,380
Alan,Elizabeth,Smith,10/17/2014,Individual Contributor,759845867,381
Bethany,J.,Smith,12/19/2014,Individual Contributor,229635339,382
George,Marie,Donald,05/13/2016,Individual Contributor,428389866,383
Jake,Thomas,Brown,07/18/2011,Gabe Michel,718088247,384
Irene,Thomas,Taylor,08/06/2009,Aaron Artsen,322333567,385
Derek,E.,Johnson,01/25/2021,Tim Mint,826511161,386
Jake,E.,Brown,04/03/2012,Individual Contributor,485041106,387
Alan,Marie,Martin,09/01/2018,Tim Mint,560845130,388
Hannah,E.,White,12/09/2006,Aaron Artsen,375244333,389
Jake,Thomas,Davis,04/14/2011,Gabe Michel,215774708,390
Chris,Thomas,Johnson,10/22/2017,Gabe Michel,531331939,391
Bethany,Thomas,Martin,08/25/2006,Individual Contributor,814409627,392
Alan,E.,Taylor,05/04/2024,Gabe Michel,420805391,393
George,Thomas,Donald,09/14/2013,Bond Liver,737425534,394
Chris,J.,Martin,03/20/2007,Individual Contributor,321634037,395
Hannah,E.,Donald,03/05/2019,Gabe Michel,233461175,396
Bethany,E.,Smith,01/22/2013,Gabe Michel,138897680,397
Derek,M.,White,05/24/2006,Aaron Artsen,707678691,398
Irene,Elizabeth,Johnson,05/23/2019,Gabe Michel,171633703,399
Chris,James,Donald,01/04/2005,Gabe Michel,820962789,400
Chris,Marie,Johnson,09/18/2015,Gabe Michel,204069177,401
Derek,Elizabeth,Johnson,01/28/2023,Bond Liver,323420176,402
George,J.,Donald,01/19/2022,Individual Contributor,835182233,403
Hannah,Elizabeth,Donald,07/08/2022,Individual Contributor,544623199,404
George,Thomas,Brown,08/06/2018,Individual Contributor,490725958,405
Bethany,T.,Smith,04/14/2012,Aaron Artsen,873756409,406
Bethany,Marie,Smith,03/04/2022,Tim Mint,818115755,407
George,Marie,Martin,09/26/2018,Individual Contributor,803609822,408
Jake,J.,Martin,01/02/2013,Bond Liver,964037063,409
Alan,J.,Smith,05/06/2019,Gabe Michel,856268112,410
Hannah,E.,Brown,05/13/2014,Tim Mint,487162102,411
Alan,Marie,White,08/12/2024,Individual Contributor,487294463,412
Hannah,Marie,Davis,06/07/2007,Gabe Michel,492701189,413
Irene,Marie,Johnson,07/03/2006,Aaron Artsen,586577714,414
Alan,M.,Donald,05/07/2011,Individual Contributor,598422669,415
Alan,T.,Donald,05/10/2015,Gabe Michel,411305773,416
Alan,Marie,Donald,05/27/2018,Gabe Michel,750934126,417
Jake,James,Smith,03/18/2022,Individual Contributor,872789294,418
Derek,M.,Smith,03/03/2022,Bond Liver,815102003,419
Irene,Elizabeth,Davis,12/20/2017,Aaron Artsen,383217703,420
Derek,James,Donald,07/05/2009,Tim Mint,383574881,421
Bethany,James,Brown,05/26/2015,Gabe Michel,619324197,422
Jake,Marie,Johnson,11/30/2024,Gabe Michel,849915212,423
Derek,Marie,Taylor,02/09/2010,Gabe Michel,307265218,424
George,Elizabeth,Taylor,04/17/2024,Gabe Michel,626665004,425
Bethany,Marie,Smith,03/16/2022,Individual Contributor,919571614,426
Derek,T.,Davis,04/25/2023,Bond Liver,100808372,427
Jake,J.,Martin,03/26/2020,Bond Liver,894216348,428
Frank,E.,Donald,01/20/2017,Aaron Artsen,853993608,429
Irene,E.,Brown,11/15/2024,Bond Liver,587378110,430
Jake,Elizabeth,Davis,10/10/2007,Aaron Artsen,522061570,431
Derek,E.,Donald,08/21/2015,Aaron Artsen,724448198,432
Hannah,Thomas,Martin,12/07/2020,Tim Mint,561019052,433
Evelyn,E.,Smith,11/04/2022,Gabe Michel,268077158,434
Hannah,Marie,Brown,04/14/2024,Gabe Michel,784462226,435
Irene,J.,Davis,07/06/2015,Gabe Michel,377797382,436
Bethany,Elizabeth,Taylor,04/25/2023,Tim Mint,921205224,437
Derek,James,Donald,08/12/2020,Gabe Michel,115290361,438
Derek,Elizabeth,Johnson,02/15/2010,Bond Liver,417609223,439
Derek,J.,Taylor,07/11/2018,Gabe Michel,491672604,440
Chris,Marie,Taylor,08/16/2006,Tim Mint,519470349,441
Hannah,James,Brown,02/26/2005,Aaron Artsen,326019460,442
Irene,E.,Smith,04/25/2019,Tim Mint,717130390,443
Hannah,Thomas,Smith,03/06/2016,Individual Contributor,274008672,444
Chris,Elizabeth,Davis,06/04/2018,Gabe Michel,956303879,445
Irene,T.,Donald,01/21/2015,Tim Mint,775248688,446
Alan,T.,Johnson,03/30/2024,Bond Liver,400752756,447
Bethany,T.,Donald,05/12/2019,Bond Liver,908499595,448
Hannah,Thomas,Brown,04/03/2008,Gabe Michel,357572510,449
Alan,Marie,Brown,08/03/2021,Aaron Artsen,402532724,450
Chris,T.,Donald,08/29/2009,Gabe Michel,286838052,451
Hannah,Thomas,Martin,11/11/2024,Gabe Michel,558618269,452
Alan,E.,Johnson,05/22/2020,Individual Contributor,145884201,453
Jake,J.,Brown,04/13/2008,Aaron Artsen,443512096,454
Chris,J.,Donald,02/26/2016,Aaron Artsen,197972063,455
Jake,Thomas,Johnson,09/23/2015,Bond Liver,976614881,456
Jake,M.,Johnson,06/01/2021,Bond Liver,765478000,457
Evelyn,T.,Martin,03/26/2018,Tim Mint,316028534,458
Hannah,M.,White,05/23/2011,Gabe Michel,665210077,459
Derek,T.,White,11/12/2021,Gabe Michel,125842529,460
Frank,Elizabeth,Taylor,06/27/2015,Individual Contributor,265399236,461
Evelyn,Thomas,Taylor,06/08/2011,Aaron Artsen,201060600,462
Frank,Elizabeth,Donald,10/26/2009,Bond Liver,503258689,463
Bethany,J.,Martin,02/20/2016,Gabe Michel,428951279,464
George,Elizabeth,Smith,12/05/2009,Bond Liver,478111841,465
Evelyn,J.,Johnson,08/21/2006,Tim Mint,243177268,466
Bethany,T.,White,11/26/2023,Tim Mint,579859400,467
Frank,James,Taylor,02/28/2019,Gabe Michel,254425092,468
Alan,E.,Johnson,01/28/2007,Individual Contributor,608416916,469
Irene,Elizabeth,Brown,12/04/2016,Individual Contributor,924228879,470
Derek,T.,Martin,03/12/2014,Gabe Michel,629770078,471
Hannah,M.,Brown,03/02/2015,Individual Contributor,397070419,472
Jake,James,Taylor,03/06/2006,Aaron Artsen,967967336,473
Jake,James,Brown,10/10/2009,Aaron Artsen,811961166,474
Frank,Thomas,White,08/21/2013,Gabe Michel,772475504,475
Frank,T.,Taylor,04/15/2024,Bond Liver,372869225,476
George,Elizabeth,Taylor,01/09/2011,Individual Contributor,824559914,477
Frank,James,Smith,01/03/2013,Gabe Michel,941552860,478
Hannah,Elizabeth,Martin,01/20/2006,Gabe Michel,784223189,479
Irene,J.,White,05/09/2024,Bond Liver,713008849,480
George,J.,Donald,04/27/2013,Individual Contributor,270189874,481
Derek,James,White,12/06/2018,Gabe Michel,308527831,482
Derek,Elizabeth,Davis,02/13/2022,Aaron Artsen,779908002,483
Hannah,Elizabeth,Taylor,08/31/2012,Individual Contributor,595082388,484
Hannah,Elizabeth,Taylor,05/31/2022,Gabe Michel,190996306,485
Irene,Thomas,Donald,06/17/2022,Gabe Michel,374109183,486
Frank,Elizabeth,Brown,07/16/2022,Bond Liver,345997952,487
Irene,Marie,Davis,08/29/2023,Tim Mint,614100953,488
Frank,Thomas,White,05/21/2024,Aaron Artsen,497707447,489
George,M.,Taylor,06/25/2007,Individual Contributor,608830907,490
Bethany,E.,Martin,09/15/2017,Individual Contributor,503115326,491
Alan,Thomas,Donald,08/20/2007,Bond Liver,524880924,492
Jake,Thomas,Johnson,08/21/2014,Bond Liver,125529248,493
Alan,M.,Johnson,01/13/2024,Tim Mint,252029700,494
Alan,E.,Smith,05/26/2006,Gabe Michel,678650144,495
Alan,Marie,White,09/30/2018,Gabe Michel,135255221,496
Jake,M.,Donald,03/08/2009,Bond Liver,559569577,497
Alan,M.,Martin,07/25/2011,Gabe Michel,588675287,498
Evelyn,M.,Taylor,10/03/2012,Tim Mint,143451202,499
George,Marie,Johnson,11/25/2012,Aaron Artsen,801598379,500
Chris,Elizabeth,Davis,09/16/2013,Aaron Artsen,956843125,501
George,Elizabeth,Taylor,12/13/2021,Gabe Michel,478545092,502
George,J.,White,05/16/2021,Aaron Artsen,207972015,503
Bethany,E.,Johnson,05/12/2021,Bond Liver,883019004,504
Alan,Thomas,Martin,12/05/2021,Gabe Michel,129630960,505
Alan,J.,Taylor,09/17/2021,Tim Mint,900142059,506
Bethany,J.,Donald,05/09/2005,Tim Mint,100657819,507
Jake,E.,Donald,02/23/2017,Aaron Artsen,310524508,508
George,Thomas,Martin,02/06/2012,Aaron Artsen,717376347,509
Irene,Thomas,Davis,08/29/2021,Individual Contributor,163844271,510
Jake,J.,Johnson,06/27/2021,Gabe Michel,793152245,511
Alan,J.,Brown,08/14/2017,Individual Contributor,550893902,512
Jake,E.,White,06/05/2006,Gabe Michel,957598156,513
Frank,E.,Davis,10/20/2010,Individual Contributor,212350717,514
Hannah,T.,Davis,09/30/2018,Aaron Artsen,546218278,515
Bethany,Marie,Brown,11/10/2007,Gabe Michel,857644000,516
Irene,Thomas,Martin,03/11/2011,Tim Mint,537241115,517
Derek,Elizabeth,Brown,03/24/2013,Gabe Michel,408908469,518
Jake,T.,Davis,01/10/2012,Gabe Michel,193929375,519
Bethany,Thomas,Brown,11/11/2016,Bond Liver,815307176,520
Jake,Thomas,Martin,10/18/2008,Bond Liver,197255666,521
Frank,T.,Brown,03/11/2017,Gabe Michel,151710539,522
Derek,Marie,Donald,10/06/2008,Aaron Artsen,146837710,523
Evelyn,Marie,Taylor,10/15/2014,Bond Liver,249035204,524
Chris,M.,Smith,08/17/2010,Gabe Michel,886143693,525
Hannah,Marie,White,12/16/2012,Gabe Michel,295078665,526
Bethany,M.,Johnson,12/19/2008,Bond Liver,685790316,527
George,Marie,Johnson,01/15/2023,Gabe Michel,613667677,528
Alan,James,White,09/15/2014,Gabe Michel,184194209,529
Bethany,E.,Taylor,01/15/2019,Individual Contributor,874921164,530
Jake,Thomas,Johnson,02/21/2010,Bond Liver,101285466,531
Chris,Marie,Johnson,11/11/2013,Aaron Artsen,512558566,532
Irene,J.,White,07/10/2022,Gabe Michel,216637054,533
Jake,James,Davis,08/30/2013,Bond Liver,670181922,534
Frank,James,Johnson,04/01/2013,Individual Contributor,880311407,535
Bethany,Thomas,Johnson,05/10/2014,Gabe Michel,546106974,536
George,J.,Johnson,05/11/2023,Gabe Michel,577553405,537
Jake,Elizabeth,White,12/02/2007,Bond Liver,818839408,538
Bethany,M.,Johnson,02/27/2007,Gabe Michel,441433111,539
Evelyn,J.,Davis,05/21/2018,Gabe Michel,610904911,540
Jake,M.,Brown,05/31/2014,Gabe Michel,195201078,541
Frank,James,Brown,08/30/2009,Individual Contributor,560433519,542
Derek,E.,Donald,07/27/2010,Gabe Michel,929343112,543
George,Marie,Davis,01/28/2015,Gabe Michel,583982794,544
George,E.,Taylor,02/01/2021,Aaron Artsen,413285776,545
Alan,M.,White,07/01/2024,Bond Liver,600291907,546
Derek,James,White,06/16/2016,Gabe Michel,296213468,547
Frank,James,Taylor,01/01/2010,Gabe Michel,470318960,548
Alan,James,Smith,11/28/2021,Aaron Artsen,598594133,549
Alan,M.,Johnson,06/06/2014,Gabe Michel,314213806,550
Chris,J.,Davis,04/19/2019,Individual Contributor,923358007,551
Chris,M.,Brown,10/09/2022,Tim Mint,593108030,552
Irene,Marie,Johnson,05/20/2010,Gabe Michel,265273619,553
Irene,E.,Johnson,06/05/2005,Gabe Michel,881855417,554
Bethany,Thomas,Davis,11/07/2017,Gabe Michel,447109166,555
Hannah,E.,Martin,12/05/2009,Gabe Michel,603960383,556
Alan,James,Johnson,12/22/2017,Tim Mint,575150212,557
Frank,E.,Taylor,01/17/2018,Aaron Artsen,716260186,558
Irene,M.,Smith,03/29/2011,Individual Contributor,902346890,559
Hannah,Elizabeth,Davis,07/30/2020,Tim Mint,533622596,560
Derek,James,Donald,09/07/2018,Individual Contributor,984501722,561
Evelyn,Thomas,Martin,10/17/2019,Individual Contributor,410215952,562
Derek,Marie,Donald,02/24/2024,Gabe Michel,255983493,563
Jake,Elizabeth,Johnson,08/17/2017,Bond Liver,775617654,564
Frank,Marie,Brown,08/20/2006,Individual Contributor,313783683,565
Alan,J.,White,11/03/2022,Gabe Michel,437475726,566
George,J.,Taylor,11/29/2008,Bond Liver,452149914,567
Irene,J.,Taylor,04/22/2011,Bond Liver,186747032,568
Alan,Thomas,White,01/23/2017,Aaron Artsen,830889511,569
Derek,E.,Martin,04/07/2010,Bond Liver,324596106,570
Hannah,Elizabeth,Donald,04/20/2019,Gabe Michel,969691250,571
George,Elizabeth,Brown,02/14/2005,Bond Liver,701004491,572
Chris,Thomas,Brown,06/18/2007,Individual Contributor,251332566,573
Hannah,Thomas,White,02/16/2018,Gabe Michel,327451502,574
Jake,Thomas,Johnson,04/25/2008,Gabe Michel,383612220,575
Hannah,Thomas,White,08/08/2016,Aaron Artsen,331799153,576
George,Elizabeth,Johnson,11/08/2016,Bond Liver,583523461,577
Frank,Elizabeth,Davis,06/22/2014,Gabe Michel,229242026,578
Jake,Thomas,Taylor,01/25/2006,Tim Mint,336674021,579
Derek,M.,Brown,05/24/2007,Gabe Michel,455686469,580
Derek,T.,Davis,07/23/2009,Bond Liver,637906175,581
Irene,E.,Martin,02/24/2014,Individual Contributor,903899610,582
Irene,T.,Taylor,03/18/2012,Bond Liver,675527504,583
Evelyn,James,Smith,12/22/2017,Tim Mint,844450267,584
Evelyn,Marie,Smith,09/10/2019,Tim Mint,765138019,585
Irene,James,Smith,08/11/2005,Tim Mint,835432857,586
Bethany,M.,Martin,02/19/2008,Gabe Michel,150614535,587
Irene,Marie,White,04/24/2006,Bond Liver,726726174,588
Bethany,T.,Taylor,12/23/2021,Gabe Michel,473856214,589
Derek,T.,Johnson,08/26/2010,Bond Liver,473540168,590
Jake,J.,Donald,11/01/2019,Tim Mint,102891837,591
George,James,Smith,03/12/2022,Tim Mint,114641502,592
Jake,Elizabeth,White,10/24/2018,Gabe Michel,828479252,593
Irene,Marie,Smith,07/25/2019,Tim Mint,632932435,594
Hannah,T.,White,08/18/2021,Bond Liver,594750067,595
Bethany,Elizabeth,Brown,03/20/2016,Bond Liver,358164432,596
Irene,M.,Taylor,04/30/2015,Aaron Artsen,455693864,597
Jake,James,Taylor,11/04/2017,Gabe Michel,779722197,598
Frank,Thomas,Donald,03/20/2022,Gabe Michel,158480985,599
Chris,Elizabeth,Martin,12/24/2022,Gabe Michel,686511648,600
Chris,Thomas,Donald,03/22/2010,Bond Liver,940269104,601
Derek,M.,Johnson,05/09/2017,Aaron Artsen,389210371,602
Bethany,M.,Martin,08/18/2013,Tim Mint,430171340,603
George,James,Donald,09/21/2013,Bond Liver,562601444,604
Derek,M.,Martin,03/04/2013,Gabe Michel,883392452,605
Derek,Thomas,Martin,11/09/2022,Gabe Michel,426533980,606
Jake,J.,Martin,07/09/2022,Gabe Michel,436898179,607
Alan,M.,Davis,05/31/2022,Gabe Michel,348692110,608
Evelyn,J.,Brown,06/21/2015,Tim Mint,320660473,609
Irene,Marie,Johnson,07/26/2011,Aaron Artsen,609951324,610
Irene,J.,White,04/25/2022,Tim Mint,640208317,611
George,James,Brown,12/07/2022,Gabe Michel,128619101,612
Alan,Elizabeth,Brown,07/05/2015,Individual Contributor,678326163,613
Bethany,Elizabeth,Smith,04/16/2006,Tim Mint,412709563,614
Jake,J.,Taylor,05/02/2014,Aaron Artsen,398102371,615
Jake,M.,Davis,11/04/2006,Bond Liver,285251071,616
Frank,J.,Martin,07/19/2015,Tim Mint,782650049,617
Jake,James,Brown,05/06/2005,Tim Mint,872275596,618
Alan,M.,Brown,01/28/2005,Bond Liver,624274931,619
Chris,T.,Taylor,05/10/2024,Gabe Michel,334799024,620
Chris,M.,Johnson,08/25/2009,Gabe Michel,120613449,621
Derek,Elizabeth,Johnson,04/08/2021,Gabe Michel,752856434,622
Chris,J.,Smith,05/01/2021,Bond Liver,166457372,623
Irene,James,Davis,10/19/2018,Aaron Artsen,169224464,624
Jake,James,White,11/23/2023,Bond Liver,298931446,625
Hannah,James,White,08/03/2014,Gabe Michel,344926190,626
Hannah,T.,White,12/06/2011,Tim Mint,638344857,627
Evelyn,T.,Davis,10/29/2006,Individual Contributor,226929474,628
George,T.,White,05/10/2020,Aaron Artsen,604564829,629
Irene,Marie,Davis,09/04/2008,Aaron Artsen,456503610,630
Derek,J.,Johnson,11/30/2018,Tim Mint,487972354,631
Derek,T.,Martin,10/13/2016,Aaron Artsen,377749827,632
Alan,Marie,White,06/04/2011,Bond Liver,785900164,633
Chris,J.,Smith,11/13/2015,Gabe Michel,537481752,634
Evelyn,J.,White,05/10/2015,Gabe Michel,436607849,635
Irene,M.,Smith,02/24/2024,Tim Mint,449299084,636
Chris,Thomas,Donald,07/22/2015,Gabe Michel,954369905,637
Derek,Thomas,Martin,09/03/2017,Aaron Artsen,783516014,638
George,E.,Johnson,06/25/2015,Individual Contributor,109800310,639
Irene,M.,Brown,12/24/2015,Bond Liver,846973874,640
Irene,Elizabeth,Smith,02/10/2009,Gabe Michel,769659273,641
Evelyn,E.,Donald,12/07/2013,Gabe Michel,168329854,642
Hannah,T.,Taylor,07/17/2024,Individual Contributor,368302021,643
Frank,E.,Taylor,03/07/2009,Tim Mint,445699741,644
George,Thomas,Martin,08/17/2017,Bond Liver,768014788,645
Frank,Elizabeth,Johnson,02/07/2022,Tim Mint,446548684,646
George,M.,Johnson,04/21/2024,Gabe Michel,654726202,647
Frank,James,Brown,10/22/2016,Tim Mint,209977986,648
Evelyn,E.,Johnson,11/29/2021,Bond Liver,327916007,649
Derek,J.,Donald,08/23/2013,Tim Mint,324492995,650
Chris,Thomas,Davis,04/26/2022,Tim Mint,693935532,651
George,James,Johnson,08/17/2005,Gabe Michel,305009149,652
Irene,Elizabeth,Martin,04/15/2022,Aaron Artsen,961140544,653
Jake,Elizabeth,Donald,03/19/2008,Bond Liver,408116803,654
Bethany,J.,Smith,06/12/2020,Gabe Michel,296468884,655
Frank,E.,Smith,05/26/2006,Gabe Michel,457550919,656
Hannah,E.,Donald,11/04/2024,Individual Contributor,606105048,657
Irene,T.,White,06/16/2005,Individual Contributor,329036316,658
Irene,James,Donald,09/06/2005,Gabe Michel,875556674,659
Chris,M.,Johnson,05/26/2019,Gabe Michel,307263245,660
George,J.,Johnson,12/29/2004,Gabe Michel,637155863,661
Derek,M.,Taylor,04/20/2024,Gabe Michel,198514806,662
Chris,J.,Taylor,06/04/2019,Tim Mint,931284964,663
Evelyn,Elizabeth,Brown,07/04/2014,Tim Mint,732192936,664
Irene,Elizabeth,Johnson,05/25/2007,Tim Mint,315973169,665
Jake,Elizabeth,Smith,08/11/2011,Gabe Michel,917497526,666
Evelyn,E.,Johnson,11/27/2014,Gabe Michel,561064378,667
Alan,Elizabeth,Taylor,01/23/2017,Gabe Michel,473100373,668
Irene,James,Martin,04/16/2014,Bond Liver,391295192,669
George,E.,Davis,11/15/2017,Gabe Michel,772385814,670
George,Marie,Smith,12/28/2013,Aaron Artsen,288022945,671
George,James,Donald,06/07/2015,Individual Contributor,465897945,672
Hannah,Thomas,Brown,06/09/2023,Bond Liver,112927079,673
Evelyn,J.,White,03/18/2009,Individual Contributor,607199326,674
Hannah,J.,Johnson,08/23/2012,Bond Liver,954539809,675
Jake,Thomas,White,12/05/2009,Individual Contributor,478550385,676
Hannah,E.,White,03/18/2005,Bond Liver,660308758,677
Bethany,Thomas,White,12/19/2020,Individual Contributor,168046343,678
Alan,Elizabeth,Taylor,12/17/2005,Individual Contributor,688676093,679
George,James,Brown,12/21/2010,Aaron Artsen,366939730,680
Hannah,Marie,Smith,06/30/2014,Individual Contributor,451115981,681
Jake,E.,Martin,08/22/2007,Aaron Artsen,565038172,682
Frank,James,Martin,01/19/2023,Gabe Michel,675996084,683
Jake,M.,Davis,03/28/2024,Aaron Artsen,397280095,684
Derek,James,Johnson,08/04/2009,Tim Mint,790130760,685
Derek,T.,White,07/08/2013,Gabe Michel,197097458,686
Derek,M.,Taylor,05/30/2009,Individual Contributor,158258210,687
Chris,Marie,White,03/07/2020,Aaron Artsen,572121435,688
Bethany,James,White,03/08/2016,Aaron Artsen,917296583,689
Jake,M.,Davis,10/14/2018,Gabe Michel,742742038,690
Chris,E.,Davis,04/29/2020,Individual Contributor,249064852,691
Derek,M.,Martin,03/10/2017,Bond Liver,649624211,692
Bethany,T.,Brown,09/17/2016,Gabe Michel,798704367,693
Evelyn,Thomas,Johnson,02/22/2022,Gabe Michel,619279679,694
Frank,E.,Johnson,10/02/2008,Individual Contributor,421132230,695
Jake,Elizabeth,Johnson,10/01/2019,Gabe Michel,196698753,696
Irene,Elizabeth,Johnson,08/28/2005,Individual Contributor,785824235,697
Chris,Marie,Martin,12/06/2018,Individual Contributor,489559658,698
Alan,E.,Davis,09/16/2022,Tim Mint,167327882,699
Irene,Elizabeth,Donald,06/20/2015,Tim Mint,725446712,700
George,Marie,Johnson,05/11/2008,Tim Mint,958909350,701
George,T.,White,10/19/2010,Individual Contributor,311706611,702
Bethany,M.,Brown,11/03/2013,Gabe Michel,301727095,703
Bethany,Marie,Smith,01/26/2012,Individual Contributor,908739763,704
Irene,Marie,Taylor,03/03/2013,Aaron Artsen,240402073,705
Derek,M.,Brown,10/02/2019,Gabe Michel,721580099,706
George,E.,Smith,11/25/2006,Individual Contributor,231017894,707
George,J.,Taylor,11/21/2010,Gabe Michel,633662112,708
Alan,M.,Donald,08/20/2009,Gabe Michel,169330413,709
Jake,Marie,Davis,09/04/2022,Aaron Artsen,173267337,710
George,T.,Martin,06/17/2017,Tim Mint,514954731,711
Hannah,Thomas,Taylor,09/02/2019,Aaron Artsen,439547431,712
Derek,E.,Smith,03/15/2010,Tim Mint,914664372,713
Jake,E.,Taylor,04/06/2011,Aaron Artsen,722660306,714
Alan,J.,Martin,02/05/2012,Gabe Michel,411927084,715
Derek,E.,Johnson,07/31/2010,Aaron Artsen,608706848,716
George,James,Martin,04/13/2008,Aaron Artsen,211304012,717
Derek,E.,Donald,05/07/2010,Bond Liver,562835479,718
Alan,T.,Donald,11/14/2007,Aaron Artsen,460739485,719
Derek,T.,Taylor,05/19/2020,Gabe Michel,906924011,720
George,M.,Taylor,11/29/2009,Bond Liver,215331313,721
Hannah,Thomas,White,06/03/2021,Aaron Artsen,317300046,722
Irene,M.,Brown,05/18/2010,Tim Mint,721540606,723
Derek,M.,Davis,12/30/2023,Gabe Michel,462412840,724
Jake,Marie,Brown,04/23/2023,Aaron Artsen,483187117,725
Derek,Elizabeth,Donald,09/20/2017,Gabe Michel,711859525,726
Hannah,Thomas,Davis,11/17/2014,Tim Mint,852758390,727
Bethany,T.,Brown,07/17/2021,Aaron Artsen,915267113,728
Frank,M.,Martin,09/19/2013,Aaron Artsen,668473740,729
Frank,T.,Brown,03/07/2012,Gabe Michel,746230172,730
Irene,Elizabeth,White,02/03/2011,Aaron Artsen,180862324,731
Chris,Elizabeth,White,06/17/2019,Gabe Michel,414736926,732
Evelyn,Thomas,Johnson,04/19/2010,Gabe Michel,716273833,733
Derek,E.,White,12/22/2006,Bond Liver,362466764,734
Frank,E.,Brown,05/26/2019,Aaron Artsen,125400274,735
Chris,Elizabeth,Brown,11/19/2008,Bond Liver,927681746,736
Derek,James,Johnson,09/03/2015,Aaron Artsen,160116471,737
George,J.,Smith,03/31/2018,Gabe Michel,222622621,738
Frank,Thomas,Donald,03/02/2009,Tim Mint,688872408,739
Jake,Thomas,Brown,12/20/2024,Gabe Michel,715300740,740
Hannah,E.,Taylor,03/30/2021,Gabe Michel,930482531,741
Irene,Marie,Donald,01/19/2012,Gabe Michel,112837327,742
Jake,Marie,Martin,07/12/2018,Gabe Michel,682464863,743
Chris,Elizabeth,Smith,03/19/2024,Bond Liver,139090005,744
George,M.,Donald,08/19/2009,Bond Liver,764762551,745
Irene,Elizabeth,Johnson,02/29/2008,Aaron Artsen,508090599,746
Hannah,James,Smith,07/12/2013,Gabe Michel,485774238,747
Frank,J.,Smith,06/22/2017,Tim Mint,948259597,748
Bethany,Elizabeth,Smith,09/12/2007,Aaron Artsen,185671884,749
Alan,Thomas,Johnson,04/18/2015,Gabe Michel,584762524,750
Hannah,James,White,07/16/2009,Tim Mint,593137148,751
Alan,Marie,Taylor,04/18/2017,Bond Liver,801735049,752
Evelyn,M.,Davis,04/22/2015,Gabe Michel,974000698,753
Irene,T.,Smith,05/31/2021,Gabe Michel,463809701,754
Hannah,Thomas,Johnson,04/07/2012,Aaron Artsen,765841967,755
Irene,J.,Taylor,10/10/2006,Bond Liver,154334917,756
Chris,Elizabeth,Donald,05/18/2015,Aaron Artsen,531907018,757
Chris,Thomas,Davis,09/01/2008,Tim Mint,961400968,758
George,James,Martin,09/12/2023,Aaron Artsen,552490627,759
George,M.,Martin,09/02/2006,Gabe Michel,381589512,760
Jake,James,Martin,08/03/2020,Tim Mint,269247977,761
Hannah,James,Donald,10/11/2010,Gabe Michel,783631045,762
Jake,T.,White,03/26/2006,Individual Contributor,265630443,763
Frank,M.,Brown,10/24/2010,Tim Mint,790256294,764
George,Marie,Martin,09/28/2023,Tim Mint,471611579,765
Bethany,M.,Taylor,12/30/2011,Gabe Michel,499975081,766
Hannah,Thomas,Brown,11/09/2024,Aaron Artsen,431414741,767
Alan,Marie,Smith,11/02/2012,Gabe Michel,909655762,768
Jake,Thomas,Taylor,09/28/2018,Bond Liver,578861788,769
Alan,M.,Brown,01/04/2022,Individual Contributor,133522416,770
Frank,T.,White,10/26/2022,Bond Liver,174845248,771
Derek,E.,Johnson,10/03/2010,Gabe Michel,836242012,772
Bethany,E.,White,04/15/2018,Bond Liver,922292652,773
Irene,T.,Davis,11/28/2005,Individual Contributor,452080343,774
Jake,T.,Donald,07/15/2005,Tim Mint,267107853,775
Chris,Thomas,White,11/18/2018,Gabe Michel,912000533,776
George,E.,Martin,04/25/2006,Bond Liver,399042994,777
Irene,Marie,Smith,12/23/2006,Aaron Artsen,814415898,778
Evelyn,Marie,White,09/23/2005,Gabe Michel,964950800,779
Alan,E.,Taylor,01/02/2019,Aaron Artsen,331704323,780
Jake,T.,Martin,01/03/2017,Gabe Michel,520567253,781
Evelyn,Thomas,Davis,11/16/2024,Individual Contributor,929016194,782
George,James,Martin,11/28/2005,Gabe Michel,568693968,783
Bethany,J.,Johnson,08/07/2008,Individual Contributor,296371143,784
Irene,M.,Martin,05/25/2008,Gabe Michel,897898665,785
Alan,M.,White,12/08/2013,Gabe Michel,665082363,786
Jake,T.,Smith,12/20/2005,Individual Contributor,856941969,787
Frank,T.,Johnson,01/19/2014,Gabe Michel,976940511,788
Evelyn,Marie,Donald,11/26/2010,Gabe Michel,657920875,789
Chris,J.,Taylor,08/04/2024,Gabe Michel,480123980,790
Bethany,Thomas,Johnson,06/23/2019,Individual Contributor,152945617,791
Alan,E.,Taylor,08/08/2021,Tim Mint,641938132,792
Frank,J.,Taylor,08/07/2014,Aaron Artsen,522790133,793
Hannah,M.,Brown,11/15/2018,Individual Contributor,479278041,794
Derek,E.,Donald,03/18/2013,Individual Contributor,577077261,795
George,M.,Brown,06/26/2017,Tim Mint,232499393,796
Chris,E.,White,10/22/2013,Gabe Michel,908444840,797
Jake,Thomas,Brown,09/25/2019,Gabe Michel,867406684,798
Alan,Thomas,Brown,03/31/2012,Aaron Artsen,682509043,799
Chris,J.,Johnson,10/26/2014,Bond Liver,418174935,800
Frank,Marie,Johnson,08/09/2023,Gabe Michel,538384048,801
Derek,E.,Johnson,08/21/2024,Tim Mint,985461242,802
Irene,T.,Taylor,07/13/2020,Gabe Michel,270850580,803
Jake,Marie,Brown,02/18/2015,Tim Mint,490017722,804
Bethany,Marie,Donald,09/28/2018,Tim Mint,639106186,805
Hannah,Thomas,Martin,08/27/2011,Gabe Michel,606716356,806
Derek,Thomas,Donald,06/29/2010,Gabe Michel,879672769,807
Evelyn,M.,White,01/02/2023,Bond Liver,904335994,808
Evelyn,J.,Davis,01/18/2011,Individual Contributor,549192566,809
Bethany,E.,White,06/26/2005,Individual Contributor,554858231,810
Hannah,E.,Johnson,12/28/2005,Bond Liver,829416776,811
Chris,T.,Taylor,03/13/2008,Tim Mint,696073259,812
Evelyn,Elizabeth,White,07/04/2009,Aaron Artsen,652208475,813
Frank,Thomas,Donald,05/15/2009,Gabe Michel,561143187,814
Irene,J.,Taylor,12/17/2006,Bond Liver,542290861,815
Irene,J.,Taylor,07/09/2005,Individual Contributor,775235965,816
Hannah,M.,White,11/04/2006,Aaron Artsen,400244305,817
Alan,M.,Davis,09/18/2010,Individual Contributor,579379412,818
Alan,E.,White,08/12/2021,Aaron Artsen,735543343,819
George,J.,Johnson,06/20/2013,Gabe Michel,661984182,820
Irene,Thomas,Donald,08/14/2021,Gabe Michel,481999809,821
Frank,Elizabeth,Taylor,05/28/2019,Bond Liver,263049778,822
Frank,E.,Johnson,11/28/2020,Gabe Michel,161195114,823
Jake,E.,Davis,10/15/2016,Gabe Michel,218773572,824
Irene,J.,White,04/12/2015,Individual Contributor,542533395,825
Jake,M.,Davis,12/20/2005,Bond Liver,314130712,826
Chris,Marie,Donald,02/16/2008,Aaron Artsen,180535868,827
Alan,T.,Martin,06/02/2014,Aaron Artsen,139005537,828
Irene,Elizabeth,Davis,02/01/2015,Gabe Michel,696543026,829
Chris,Marie,White,06/04/2005,Tim Mint,656256604,830
George,James,Martin,06/03/2019,Bond Liver,928673468,831
Derek,M.,Brown,11/29/2010,Individual Contributor,273150342,832
Chris,Elizabeth,Martin,09/07/2008,Aaron Artsen,416508571,833
George,T.,Brown,05/05/2012,Tim Mint,217518765,834
Frank,Marie,Taylor,05/20/2014,Individual Contributor,265061690,835
George,M.,White,09/26/2021,Bond Liver,565981229,836
Bethany,James,Johnson,04/07/2010,Gabe Michel,410058055,837
Evelyn,Elizabeth,Brown,10/02/2020,Gabe Michel,496275270,838
Hannah,Thomas,Taylor,01/14/2012,Gabe Michel,176715329,839
Evelyn,T.,Brown,03/26/2018,Gabe Michel,796596508,840
Evelyn,T.,Johnson,12/27/2005,Bond Liver,644490851,841
Bethany,J.,Donald,12/29/2009,Aaron Artsen,835745441,842
Bethany,J.,Martin,05/24/2007,Gabe Michel,303920601,843
Frank,J.,Taylor,12/26/2009,Gabe Michel,192014513,844
Bethany,J.,Taylor,04/12/2016,Aaron Artsen,216589858,845
Chris,James,Donald,09/04/2014,Aaron Artsen,491263867,846
Chris,J.,Taylor,12/01/2012,Gabe Michel,492614743,847
Chris,M.,Johnson,12/09/2017,Individual Contributor,721393992,848
Jake,Thomas,Taylor,11/09/2023,Aaron Artsen,845281725,849
Derek,Elizabeth,Johnson,06/20/2022,Gabe Michel,728386249,850
Alan,M.,Martin,12/03/2024,Individual Contributor,555844453,851
Frank,M.,White,07/21/2007,Gabe Michel,763143527,852
Evelyn,M.,White,12/21/2005,Individual Contributor,409171043,853
Chris,T.,Davis,01/10/2023,Bond Liver,152846480,854
Frank,J.,Donald,10/17/2010,Individual Contributor,754402815,855
Frank,Elizabeth,Davis,01/02/2021,Bond Liver,526602261,856
Irene,T.,Donald,09/12/2014,Bond Liver,186120102,857
George,Marie,Johnson,12/06/2017,Bond Liver,229560533,858
Hannah,E.,Davis,01/12/2014,Gabe Michel,372781450,859
Derek,E.,Davis,07/04/2012,Bond Liver,332221776,860
Alan,Thomas,Smith,03/09/2014,Bond Liver,542549038,861
Hannah,T.,White,11/16/2022,Bond Liver,706108940,862
Evelyn,J.,Donald,03/22/2007,Gabe Michel,650956871,863
Irene,Elizabeth,Taylor,09/23/2024,Bond Liver,268451531,864
Jake,M.,Johnson,10/24/2023,Gabe Michel,910302965,865
Frank,James,White,05/04/2008,Aaron Artsen,550868798,866
Chris,Elizabeth,Davis,02/10/2016,Aaron Artsen,663761630,867
Hannah,Marie,Taylor,04/19/2006,Bond Liver,840158987,868
Derek,Elizabeth,Brown,01/04/2017,Gabe Michel,684330183,869
Derek,E.,Davis,03/03/2014,Gabe Michel,951238580,870
George,James,Smith,09/09/2017,Aaron Artsen,101138458,871
Frank,Marie,Brown,05/16/2024,Aaron Artsen,864331425,872
Chris,E.,Taylor,04/27/2015,Tim Mint,625054415,873
Jake,M.,Taylor,06/12/2018,Gabe Michel,302523401,874
Irene,James,Taylor,03/21/2017,Gabe Michel,772811032,875
Derek,J.,Brown,03/23/2005,Individual Contributor,983630044,876
Irene,James,Taylor,03/25/2020,Tim Mint,334541766,877
Derek,James,Davis,09/01/2010,Gabe Michel,688289624,878
Derek,T.,Taylor,02/19/2023,Gabe Michel,529761521,879
Chris,M.,Martin,12/19/2022,Gabe Michel,414239375,880
George,J.,Davis,09/06/2011,Tim Mint,187451426,881
Jake,James,Johnson,09/25/2014,Tim Mint,700367833,882
Jake,Marie,Johnson,04/07/2018,Individual Contributor,763591476,883
Jake,Elizabeth,Donald,07/19/2023,Aaron Artsen,472535884,884
Irene,Thomas,Martin,02/04/2016,Individual Contributor,917641286,885
Frank,Marie,Martin,02/25/2024,Individual Contributor,991274124,886
Frank,E.,Johnson,10/15/2009,Gabe Michel,155966332,887
Hannah,J.,White,10/20/2023,Tim Mint,407598578,888
Derek,T.,Smith,01/25/2020,Individual Contributor,183384910,889
George,E.,Donald,10/22/2005,Gabe Michel,425691213,890
Evelyn,Elizabeth,Donald,11/15/2020,Bond Liver,578383148,891
George,Thomas,Brown,12/26/2008,Individual Contributor,759723799,892
Irene,M.,Smith,10/08/2017,Tim Mint,344086811,893
Derek,Marie,Smith,01/07/2009,Gabe Michel,157451724,894
George,M.,Taylor,04/27/2012,Tim Mint,767692048,895
Bethany,T.,Taylor,05/29/2022,Tim Mint,887498164,896
Hannah,M.,Donald,03/13/2024,Gabe Michel,917556858,897
Bethany,J.,Johnson,12/28/2009,Bond Liver,702155019,898
Evelyn,T.,Davis,09/23/2017,Bond Liver,728527759,899
Jake,M.,Johnson,11/28/2007,Gabe Michel,476568277,900
Frank,M.,Smith,09/25/2015,Gabe Michel,721562944,901
Jake,Thomas,Smith,10/25/2011,Individual Contributor,972163033,902
Irene,E.,Martin,11/19/2008,Aaron Artsen,846628559,903
Bethany,Marie,Brown,09/22/2005,Individual Contributor,247215721,904
George,Thomas,Johnson,06/27/2020,Gabe Michel,799631836,905
Chris,Elizabeth,Johnson,12/07/2024,Gabe Michel,437145661,906
Alan,Thomas,Davis,09/12/2008,Aaron Artsen,201098253,907
Jake,Marie,Davis,06/06/2016,Gabe Michel,321351413,908
Alan,J.,Donald,11/11/2013,Gabe Michel,461733765,909
Alan,E.,Davis,11/25/2016,Individual Contributor,860092592,910
Chris,J.,Johnson,01/16/2012,Tim Mint,670818494,911
Chris,James,Donald,02/22/2008,Tim Mint,555758321,912
Bethany,T.,Johnson,01/16/2021,Tim Mint,518056943,913
Jake,J.,Johnson,12/18/2005,Gabe Michel,440804888,914
George,Thomas,Taylor,05/06/2009,Tim Mint,418531644,915
Bethany,J.,Davis,11/15/2024,Gabe Michel,296048738,916
Irene,James,White,09/28/2008,Individual Contributor,946709588,917
Hannah,Thomas,White,05/27/2024,Bond Liver,295405157,918
Chris,Thomas,Johnson,07/29/2020,Tim Mint,393178309,919
Evelyn,James,Donald,08/20/2008,Gabe Michel,149445450,920
Alan,J.,Brown,12/03/2019,Bond Liver,547872933,921
Derek,M.,Martin,06/19/2011,Aaron Artsen,511457247,922
Chris,M.,Johnson,11/02/2020,Tim Mint,334276222,923
Jake,Thomas,Brown,05/14/2024,Gabe Michel,280183346,924
George,J.,Taylor,10/28/2011,Gabe Michel,510378916,925
Derek,James,Johnson,07/07/2017,Aaron Artsen,444089918,926
Derek,Elizabeth,Davis,06/27/2006,Bond Liver,898694607,927
Hannah,Thomas,White,08/20/2008,Aaron Artsen,707759218,928
George,Thomas,Davis,09/30/2018,Individual Contributor,547528724,929
Jake,Marie,Johnson,01/31/2016,Tim Mint,625858285,930
Evelyn,E.,Martin,06/08/2005,Aaron Artsen,132191380,931
George,Thomas,Martin,01/11/2008,Tim Mint,950344682,932
Derek,James,Donald,03/06/2013,Gabe Michel,593283817,933
Bethany,T.,White,06/09/2011,Bond Liver,847890523,934
Evelyn,Marie,White,01/05/2023,Gabe Michel,241042478,935
Evelyn,J.,Davis,05/29/2013,Gabe Michel,719506222,936
Frank,T.,Donald,10/06/2011,Aaron Artsen,806927089,937
Alan,T.,Brown,10/18/2007,Gabe Michel,708318954,938
Jake,Marie,Johnson,07/25/2010,Gabe Michel,991393658,939
Chris,Elizabeth,Donald,06/03/2011,Tim Mint,631357291,940
Bethany,James,Smith,03/17/2011,Tim Mint,465498255,941
Chris,Marie,Davis,08/13/2016,Gabe Michel,952833128,942
Evelyn,T.,White,09/16/2023,Aaron Artsen,991148835,943
Bethany,T.,Brown,02/01/2016,Gabe Michel,427355749,944
Chris,Thomas,Brown,12/20/2009,Bond Liver,332548546,945
Jake,E.,White,07/14/2016,Gabe Michel,439063610,946
Alan,E.,Davis,11/16/2015,Bond Liver,620285120,947
Jake,Thomas,Smith,01/28/2017,Aaron Artsen,707736236,948
Hannah,Thomas,Martin,07/29/2012,Bond Liver,919224738,949
Irene,Elizabeth,Martin,07/19/2013,Gabe Michel,767220739,950
Derek,James,Davis,05/25/2021,Bond Liver,519301274,951
Jake,James,Smith,10/11/2015,Bond Liver,414588716,952
Jake,M.,White,05/25/2020,Aaron Artsen,728730642,953
Hannah,Elizabeth,White,03/07/2011,Gabe Michel,961873505,954
Hannah,E.,Davis,09/15/2008,Gabe Michel,981772644,955
George,Elizabeth,Brown,10/28/2010,Gabe Michel,938314160,956
George,J.,Martin,12/30/2005,Gabe Michel,736665557,957
Evelyn,James,Brown,04/01/2024,Bond Liver,869362269,958
Derek,J.,Brown,02/06/2019,Aaron Artsen,638644262,959
Derek,Marie,White,09/22/2023,Individual Contributor,541005377,960
Irene,Thomas,Brown,09/12/2023,Individual Contributor,953327914,961
Irene,Marie,Donald,03/22/2012,Individual Contributor,909882425,962
Alan,E.,Donald,11/12/2024,Tim Mint,314924653,963
Irene,Thomas,Donald,12/23/2014,Tim Mint,113509188,964
Bethany,Thomas,Martin,08/05/2012,Aaron Artsen,972325321,965
Alan,J.,Martin,07/13/2006,Gabe Michel,477517739,966
George,T.,White,06/15/2011,Bond Liver,570092135,967
Chris,E.,Martin,10/16/2024,Bond Liver,255497586,968
Frank,Marie,Donald,08/09/2010,Gabe Michel,737201104,969
Alan,James,Taylor,12/01/2006,Individual Contributor,246529178,970
George,James,Johnson,05/18/2012,Gabe Michel,755260419,971
Alan,E.,Donald,01/14/2019,Aaron Artsen,302963810,972
Evelyn,Marie,Taylor,05/15/2007,Tim Mint,371221143,973
Irene,J.,Davis,03/30/2014,Tim Mint,683387471,974
Bethany,Elizabeth,White,11/01/2009,Aaron Artsen,581936009,975
Alan,Marie,Johnson,08/26/2020,Gabe Michel,266892383,976
Derek,M.,Davis,02/21/2023,Tim Mint,616963301,977
Irene,Elizabeth,Taylor,09/17/2013,Bond Liver,675202465,978
Jake,Thomas,Smith,05/08/2015,Tim Mint,174740647,979
Alan,J.,White,11/27/2020,Gabe Michel,910518732,980
Evelyn,E.,Johnson,07/02/2013,Bond Liver,530973199,981
Evelyn,J.,Taylor,02/23/2014,Gabe Michel,139118155,982
Jake,E.,Smith,08/17/2020,Tim Mint,497199362,983
Hannah,T.,Brown,11/26/2017,Bond Liver,822320758,984
Derek,T.,Donald,10/26/2014,Individual Contributor,637191345,985
Evelyn,Elizabeth,Davis,09/16/2007,Individual Contributor,349971254,986
Derek,Thomas,Smith,05/25/2009,Bond Liver,454858706,987
Bethany,T.,White,08/28/2021,Individual Contributor,516602268,988
George,E.,Smith,05/13/2020,Gabe Michel,123918968,989
Jake,James,Taylor,06/23/2013,Gabe Michel,205973831,990
Hannah,James,Smith,01/01/2023,Aaron Artsen,321328601,991
Hannah,J.,Taylor,08/22/2005,Bond Liver,687495412,992
Bethany,James,Taylor,11/16/2007,Aaron Artsen,492910659,993
Hannah,E.,Martin,07/07/2021,Gabe Michel,891086396,994
Evelyn,Thomas,Taylor,10/27/2007,Aaron Artsen,764728119,995
Irene,Elizabeth,Martin,05/21/2009,Gabe Michel,283714204,996
Jake,T.,Brown,01/16/2018,Tim Mint,726411576,997
Derek,James,Johnson,11/11/2011,Aaron Artsen,894014295,998
Alan,Marie,Donald,11/04/2008,Bond Liver,366669948,999
Jake,J.,Smith,10/30/2012,Gabe Michel,280963482,1000
